Workbook

Sheet Útfærslur
A1: id | B1: merki | C1: gerd | D1: utfaersla | E1: umbod | F1: flokkur | G1: arsgerd | H1: verd | I1: styrkhaef | J1: verd_med_styrk | K1: orkugjafi | L1: drif | M1: hestofl | N1: rafhlada_kwh | O1: draegni_km | P1: eydsla_l_100km | Q1: saeti | R1: farangursrymi_l | S1: hrodun_0_100_s | T1: heimild | U1: uppfaert | V1: athugasemd
A2: kia-ev3-air-lr | B2: Kia | C2: EV3 | D2: Air LR | E2: askja | F2: jepplingur | G2: 2026 | H2: 6290777 | I2: =IF(H2="","",IF(AND(OR(K2="rafmagn",K2="vetni"),H2<Stillingar!$B$2),"já","nei")) -> já | J2: =IF(H2="","",IF(I2="já",H2-Stillingar!$B$3,H2)) -> 5790777 | K2: rafmagn | L2: framhjoladrif | M2: 201 | N2: 81.4 | O2: 605 | Q2: 5 | R2: 460 | S2: 7.7 | T2: https://issuu.com/askja/docs/ev3_20240910?fr=sN2Y4MTg0NDM5MDk | U2: 46287
A3: kia-ev3-air-sr | B3: Kia | C3: EV3 | D3: Air SR | E3: askja | F3: jepplingur | G3: 2026 | H3: 5690777 | I3: já | J3: =IF(H3="","",IF(I3="já",H3-Stillingar!$B$3,H3)) -> 5190777 | K3: rafmagn | L3: framhjoladrif | M3: 201 | N3: 58.3 | O3: 430 | Q3: 5 | R3: 460 | S3: 7.4 | T3: https://issuu.com/askja/docs/ev3_20240910?fr=sN2Y4MTg0NDM5MDk | U3: 46288
A4: kia-ev3-earth-lr | B4: Kia | C4: EV3 | D4: Earth LR | E4: askja | F4: jepplingur | G4: 2026 | H4: 6890777 | I4: já | J4: =IF(H4="","",IF(I4="já",H4-Stillingar!$B$3,H4)) -> 6390777 | K4: rafmagn | L4: framhjoladrif | M4: 201 | N4: 81.4 | O4: 605 | Q4: 5 | R4: 460 | S4: 7.7 | T4: https://issuu.com/askja/docs/ev3_20240910?fr=sN2Y4MTg0NDM5MDk | U4: 46288
A5: kia-ev3-gt-line-lr | B5: Kia | C5: EV3 | D5: GT - Line LR | E5: askja | F5: jepplingur | G5: 2026 | H5: 7690777 | I5: já | J5: =IF(H5="","",IF(I5="já",H5-Stillingar!$B$3,H5)) -> 7190777 | K5: rafmagn | L5: framhjoladrif | M5: 201 | N5: 81.4 | O5: 605 | Q5: 5 | R5: 460 | S5: 7.7 | T5: https://issuu.com/askja/docs/ev3_20240910?fr=sN2Y4MTg0NDM5MDk | U5: 46288
A6: volkswagen-id.3-life | B6: VW | C6: ID.3 | D6: Life | E6: hekla | F6: folksbill | G6: 2026 | H6: 5790000 | I6: já | J6: =IF(H6="","",IF(I6="já",H6-Stillingar!$B$3,H6)) -> 5290000 | K6: rafmagn | L6: afturhjoladrif | M6: 204 | N6: 59 | O6: 430 | Q6: 5 | R6: 385 | S6: 7.6 | T6: https://www.hekla.is/static/files/efni/verdlistar/vw/id3.pdf | U6: 46288
I7: =IF(H7="","",IF(AND(OR(K7="rafmagn",K7="vetni"),H7<Stillingar!$B$2),"já","nei")) | J7: =IF(H7="","",IF(I7="já",H7-Stillingar!$B$3,H7))
I8: =IF(H8="","",IF(AND(OR(K8="rafmagn",K8="vetni"),H8<Stillingar!$B$2),"já","nei")) | J8: =IF(H8="","",IF(I8="já",H8-Stillingar!$B$3,H8))
I9: =IF(H9="","",IF(AND(OR(K9="rafmagn",K9="vetni"),H9<Stillingar!$B$2),"já","nei")) | J9: =IF(H9="","",IF(I9="já",H9-Stillingar!$B$3,H9))
I10: =IF(H10="","",IF(AND(OR(K10="rafmagn",K10="vetni"),H10<Stillingar!$B$2),"já","nei")) | J10: =IF(H10="","",IF(I10="já",H10-Stillingar!$B$3,H10))
I11: =IF(H11="","",IF(AND(OR(K11="rafmagn",K11="vetni"),H11<Stillingar!$B$2),"já","nei")) | J11: =IF(H11="","",IF(I11="já",H11-Stillingar!$B$3,H11))
I12: =IF(H12="","",IF(AND(OR(K12="rafmagn",K12="vetni"),H12<Stillingar!$B$2),"já","nei")) | J12: =IF(H12="","",IF(I12="já",H12-Stillingar!$B$3,H12))
I13: =IF(H13="","",IF(AND(OR(K13="rafmagn",K13="vetni"),H13<Stillingar!$B$2),"já","nei")) | J13: =IF(H13="","",IF(I13="já",H13-Stillingar!$B$3,H13))
I14: =IF(H14="","",IF(AND(OR(K14="rafmagn",K14="vetni"),H14<Stillingar!$B$2),"já","nei")) | J14: =IF(H14="","",IF(I14="já",H14-Stillingar!$B$3,H14))
I15: =IF(H15="","",IF(AND(OR(K15="rafmagn",K15="vetni"),H15<Stillingar!$B$2),"já","nei")) | J15: =IF(H15="","",IF(I15="já",H15-Stillingar!$B$3,H15))
I16: =IF(H16="","",IF(AND(OR(K16="rafmagn",K16="vetni"),H16<Stillingar!$B$2),"já","nei")) | J16: =IF(H16="","",IF(I16="já",H16-Stillingar!$B$3,H16))
I17: =IF(H17="","",IF(AND(OR(K17="rafmagn",K17="vetni"),H17<Stillingar!$B$2),"já","nei")) | J17: =IF(H17="","",IF(I17="já",H17-Stillingar!$B$3,H17))
I18: =IF(H18="","",IF(AND(OR(K18="rafmagn",K18="vetni"),H18<Stillingar!$B$2),"já","nei")) | J18: =IF(H18="","",IF(I18="já",H18-Stillingar!$B$3,H18))
... I1000: =IF(H1000="","",IF(AND(OR(K1000="rafmagn",K1000="vetni"),H1000<Stillingar!$B$2),"já","nei")) | J1000: =IF(H1000="","",IF(I1000="já",H1000-Stillingar!$B$3,H1000))

Sheet Leiðbeiningar
A1: Bílagögn – leiðbeiningar
A3: 1. Skráðu umboðin fyrst í flipann „Umboð“. Auðkennið (id) er notað í fellilistanum í „Útfærslur“.
A4: 2. Í flipanum „Útfærslur“ er hver lína EIN útfærsla. Sama gerð með þrjár útfærslur = þrjár línur.
A5: 3. Gula línan er DÆMI með tilbúnum tölum. Eyddu henni þegar þú byrjar að skrá alvöru gögn.
A6: 4. Ekki breyta heitunum í fyrstu línu (dálkaheitunum). Kóðinn á vefsíðunni notar þau.
A7: 5. Verð og tölur: bara tölur, engin „kr.“, bil eða punktar. Aukastafir með punkti (7.9).
A8: 6. Láttu reit vera tóman ef upplýsingin á ekki við eða er óþekkt. Ekki skrifa „0“ eða „–“.
A9: 7. Gráu dálkarnir (styrkhaef, verd_med_styrk) reiknast sjálfir. Upphæð og skilyrði styrks eru í flipanum „Stillingar“.
A10: 8. Nýir flokkar, orkugjafar eða drif: bættu þeim við í flipann „Listar“.
A12: Dálkur | B12: Lýsing | C12: Eining / snið | D12: Dæmi | E12: Skylda
A13: id | B13: Einkvæmt auðkenni útfærslu. Lágstafir, bandstrik, engir íslenskir stafir. | C13: texti | D13: kia-ev3-air-lr | E13: Já
A14: merki | B14: Bílategund | C14: texti | D14: Kia | E14: Já
A15: gerd | B15: Gerð / módel | C15: texti | D15: EV3 | E15: Já
A16: utfaersla | B16: Heiti útfærslu eins og umboðið notar það | C16: texti | D16: Air Long Range | E16: Já
A17: umbod | B17: Auðkenni umboðs, velja úr lista (af flipanum Umboð) | C17: listi | D17: askja | E17: Já
A18: flokkur | B18: Stærðar-/gerðarflokkur | C18: listi | D18: jepplingur | E18: Já
A19: arsgerd | B19: Árgerð | C19: ártal | D19: 2026 | E19: Já
A20: verd | B20: Listaverð í krónum, bara tala | C20: kr. | D20: 5990000 | E20: Já
A21: styrkhaef | B21: REIKNAÐ – ekki skrifa hér. „já“ ef bíllinn uppfyllir skilyrði rafbílastyrks (sjá flipann Stillingar) | C21: formúla | D21: já | E21: –
A22: verd_med_styrk | B22: REIKNAÐ – ekki skrifa hér. Listaverð að frádregnum rafbílastyrk ef bíllinn er styrkhæfur | C22: kr. (formúla) | D22: 5490000 | E22: –
A23: orkugjafi | B23: Orkugjafi | C23: listi | D23: rafmagn | E23: Já
... A27: draegni_km | B27: Drægni á rafmagni skv. WLTP (tómt ef ekki við) | C27: km | D27: 600 | E27: Nei
A28: eydsla_l_100km | B28: Blönduð eldsneytiseyðsla skv. WLTP (tómt fyrir hreina rafbíla) | C28: l/100 km | E28: Nei
A29: saeti | B29: Fjöldi sæta | C29: fjöldi | D29: 5 | E29: Nei
A30: farangursrymi_l | B30: Farangursrými | C30: lítrar | D30: 460 | E30: Nei
A31: hrodun_0_100_s | B31: Hröðun 0–100 km/klst | C31: sekúndur | D31: 7.9 | E31: Nei
A32: heimild | B32: Slóð á verðlistann sem gögnin komu úr | C32: slóð | D32: https://... | E32: Já
A33: uppfaert | B33: Dagsetning þegar verðið var athugað | C33: dagsetning | D33: 2026-09-22 | E33: Já
A34: athugasemd | B34: Frjáls texti, t.d. tilboð eða óvissa (birtist ekki endilega á síðunni) | C34: texti | E34: Nei

Sheet Stillingar
A1: Rafbílastyrkur (Loftslags- og orkusjóður)
A2: Verðþak (bíll verður að kosta minna en) | B2: 10000000
A3: Styrkur fyrir nýjan fólksbíl | B3: 500000
A5: Heimild: https://island.is/rafbilastyrkir (skoðað 22.09.2026). Upphæð frá 1. janúar 2026.
A6: Skilyrði: 100% rafbíll eða vetnisbíll (engin útblástur), kostar minna en verðþakið, fólksbíll (M1) eða sendibíll að 3,5 t (N1).
A7: Formúlan athugar orkugjafa og verð. Hún athugar ekki þyngd sendibíla – leiðréttu handvirkt ef þarf.
A8: Styrkurinn er greiddur eftir kaup, ekki dreginn frá við kaupin. Segðu það skýrt á vefsíðunni.
A9: Ef reglurnar breytast: breyttu bara gulu reitunum hér og allt uppfærist.

Sheet Umboð
A1: id | B1: nafn | C1: vefsida | E1: Dæmi í gulri línu. Bættu við umboðum fyrir neðan (id: lágstafir, engir íslenskir stafir).
A2: askja | B2: Askja | C2: https://www.askja.is
A3: hekla | B3: Hekla | C3: https://www.hekla.is/is

Sheet Listar
A1: flokkur | B1: orkugjafi | C1: drif | E1: Leyfð gildi fyrir fellilistana. Bættu nýjum gildum neðst í dálkinn (upp í línu 50).
A2: smabill | B2: rafmagn | C2: framhjoladrif
A3: folksbill | B3: vetni | C3: afturhjoladrif
A4: skutbill | B4: tengiltvinn | C4: fjorhjoladrif
A5: jepplingur | B5: tvinn
A6: jeppi | B6: bensin
A7: fjolnotabill | B7: disil
A8: sendibill
A9: pallbill
A10: sportbill
